title,company,location,link
Senior PHP Developer,Sourcetoad,"Tampa, FL"
Frontend Developer,Banjo,"South Jordan, UT"
Senior Web Engineer,Bushel,"St. Petersburg, FL"
"Senior Front End Developer (TS, React) for Simulation Platform",Improbable,"London, UK"
"Team Lead, System Development",Mandatum Life,"Helsinki, Finland"
Software Architect to drive building modern financial business,Mandatum Life,"Helsinki, Finland"
Senior Software Engineer (f/m/d) Angular,Verivox GmbH,"Heidelberg, Deutschland"
"Senior/Lead Software Engineer, passion for building FinTech solutions",Mandatum Life,"Helsinki, Finland"
フロントエンドエンジニア,株式会社スマートショッピング,"Shinagawa City, Japan"
紹介予定派遣/天六駅チカ WEB名刺発注システムに関する一連業務 PHP,株式会社スタッフサービス　エンジニアガイド,"Osaka, Japan"
《モバイルアプリエンジニア》/SaaSソリューション,株式会社RevComm,"Shibuya City, Japan"
Php Developer,Horizon Financial And Property Adviser LLP,"Mumbai, India"
《大阪自社勤務》開発エンジニア　/動画共有サービスの開発,インフォームシステム株式会社,"Osaka, Japan"
最先端技術研究/企画/開発フルスタックエンジニア,株式会社Widsley,"Shibuya City, Japan"
フロントエンド エンジニア,株式会社スマレジ,"Osaka, Japan"
エンジニア,マインドフリー株式会社,"Osaka, Japan"
(Senior) Web/Mobile Developer (m/w/d),Lotum GmbH,"Frankfurt am Main, Deutschland"
Full Stack Developer Mobile Gaming (m/w/d),Lotum GmbH,"Bad Nauheim, Deutschland"
Agile Developer & Senior Architect Developer,Ericsson,"Karlskrona, Sweden"
Backend developer to build robust systems with Kotlin,Shape A/S,"København, Denmark"
Software Engineer,Centre for Strategic Infocomm Technologies (CSIT),Singapore
Frontend developer React,VIKTOR,"Delft, Netherlands"
Senior Front-end / JS Developer,iubenda,"Milan, Italy"
Senior Frontend Web Developer (m/w/x),Flagbit GmbH & Co. KG,"Karlsruhe, Deutschland"
PHP,附近网络科技,"Suzuka, Japan"
フロントエンドエンジニア,株式会社RevComm,"Shibuya City, Japan"
PHP Developer,Primitive Brain Innovations Pvt Ltd,"Hyderabad, India"
Senior Web Developer,HC Recruitment,"Pune, India"
フロントエンドエンジニア/上場IT企業,株式会社クリエアナブキ,"Osaka, Japan"
PHP Developer/Web Developer/Programmer,Bakuun.com Support and Services Pvt Ltd.,"Pune, India"
Software Developer,Azeus Group of Companies,"Noida, India"
Azure Developer /Admin,IT Business Management Solutions India Private Limited,"Bengaluru, India"
技術の力で働くひとの健康を創りませんか!ヘルスケア　フロントエンジニア/インターネット/Webサービス・ASP,株式会社 iCARE,"Shibuya City, Japan"
技術の力で働くひとの健康を創りませんか!ヘルステックサービス【テックリード】/インターネット/Webサービス・ASP,株式会社 iCARE,"Shibuya City, Japan"
暗号資産取引所のバックエンドエンジニアを募集!,コインチェック株式会社,"Shibuya City, Japan"
テック×マーケ領域/リードエンジニア//年収600万円可/賞与4回/六本木駅近,株式会社EVERRISE,"Minato City, Japan"
エンジニア,株式会社アグリメディア,"Shinjuku City, Japan"
サーバーサイドエンジニア,株式会社リブセンス,"Shinagawa City, Japan"
エンジニア,フェンリル株式会社,"Shinagawa City, Japan"
Webアプリ開発,テクノヒューマンパワー株式会社,"Shibuya City, Japan"
フロントエンドエンジニア,株式会社リブセンス,"Shinagawa City, Japan"
SE,type転職エージェント,"Chiyoda City, Japan"
エンジニア/リーダー,ビッグローブ株式会社,"Shinagawa City, Japan"
SE,株式会社フロムスクラッチ,"Shinjuku City, Japan"
フロントエンドエンジニア,LINE Fukuoka 株式会社,"Fukuoka, Japan"
フロントエンドエンジニア,LINE株式会社,"Fukuoka, Japan"
システムエンジニア、プログラマー,株式会社アシュマド,"Yokohama, Japan"
《関西》モバイルエクスペリエンスエンジニア《WEB面接可》,アクセンチュア株式会社,"Osaka, Japan"
自社開発のシステムを用いて営業においてイノベーションを起こしている企業のWebエンジニアの求人情報,ベルフェイス株式会社,"Minato City, Japan"
Webエンジニア / リプレイス,ベルフェイス株式会社,"Minato City, Japan"
Fullstack Developer (m/f),Sclable Business Solutions GmbH,"Wien, Österreich"
プログラマー、SE、保守運用(福岡)/インターネット/Webサービス・ASP,株式会社 アクシス,"Fukuoka, Japan"
[急募] ≪正社員 年収600万円↑≫ウェアラブル系サーバーエンジニア,株式会社マイナビワークス(マイナビスタッフ),"Osaka, Japan"
バックエンドエンジニア,株式会社LHL,"Shinjuku City, Japan"
Senior Software Engineer (Frontend) - Reimagine the property industry,Zoopla,"London, UK"
Senior Full Stack Python Engineer,RippleMatch,"New York, NY"
Business Analyst- Remote (United States),Modus Create,No office location
Senior Cloud Ops Engineer,"Unanet, Inc.","Sterling, VA"
GU Webデベロッパー / Web Developer,株式会社ユニクロ,"Koto City, Japan"
メディアシステム開発/テックリード,レバレジーズ株式会社,"Shibuya City, Japan"
バックエンドエンジニア,株式会社MONOKROM,"Shibuya City, Japan"
ソフトウェアエンジニア(フロントエンド)/管理職候補,レバレジーズ株式会社,"Shibuya City, Japan"
ソフトウェアエンジニア(フロントエンド),レバレジーズ株式会社,"Shibuya City, Japan"
Jr Python Developer,AppEvolve,No office location
PHP developer,Gambling.com Group,"Dublin 2, Ireland"
Senior Software Engineer (React/Java),Pinnacle 21,"Blue Bell, PA"
Frontend-Entwickler / Frontend Developer (m/w/d),SVA System Vertrieb Alexander GmbH,"Wiesbaden, Deutschland"
Senior Full Stack Software Developer- Remote,Upstack,No office location
Frontend Developer (m/w/d),Neofonie,"Berlin, Deutschland"
PHP Entwickler (Backend oder Full Stack)(m/w/d),WunschGutschein,"Düsseldorf, Deutschland"
Lead Frontend Developer,ABOUT YOU GmbH,"Hamburg, Deutschland"
Full-stack Software Engineer Associate,One Acre Fund,"Kigali, Rwanda"
Senior Software Engineer - Frontend (f/m/x),Architrave GmbH,"Berlin, Germany"
Expert Software Engineer - Frontend (f/m/x),Architrave GmbH,"Berlin, Germany"
"Front-End Developer (HTML, CSS, Vue.js, Animation)",Limesharp,"London, UK"
Front-end Web Developer,Canadian Centre for Child Protection,"Winnipeg, MB, Canada"
(Senior) Software Developer (m/w/d),Just Spices GmbH,"Düsseldorf, Deutschland"
Senior Web Developer,Axpo,"Madrid, Spain"
Webアプリケーション開,株式会社言語サービス,"Yokohama, Japan"
フロントエンドエンジニア,type転職エージェント,"Shibuya City, Japan"
ITエンジニア,JYJサンブリッジ株式会社,"Chuo City, Japan"
PHP Developer,Roxaiser Technology Pvt Ltd,"Indore, India"
Senior Data Scientist,Cubic Corporation,"Hyderabad, India"
Javascript Developer,azularc,"Mumbai, India"
Node.js Freelancer,West agile labs,"Hyderabad, India"
データ分析エンジニア,パーソルキャリア株式会社,"Chiyoda City, Japan"
【メンバー募集】Webプログラマー/インターネット/Webサービス・ASP,株式会社 コンビーズ,"Osaka, Japan"
サービスアーキテクト,LINE株式会社,"Shinjuku City, Japan"
CTO,type転職エージェント,"Shinjuku City, Japan"
SE,エムスリーキャリア株式会社,"Minato City, Japan"
SE,株式会社アンドパッド,"Chiyoda City, Japan"
マークアップエンジニア,株式会社MONSTER DIVE,"Minato City, Japan"
フロントエンドエンジニア,株式会社ゆめみ,"Kyoto, Japan"
<正社員>VP of Engineer担当《本社正社員》,ユースタイルラボラトリー株式会社　本社,"Nakano City, Japan"
データサイエンティスト,株式会社アンドパッド,"Chiyoda City, Japan"
エンジニア(ジェネラル),日本タタ・コンサルタンシー・サービシズ株式会社,"Minato City, Japan"
Tech Lead,エムスリー株式会社,"Minato City, Japan"
社内SE《兵庫》,株式会社がまかつ,"Nishiwaki, Japan"
リード・フロントエンドエンジニア,株式会社ゆめみ,"Kyoto, Japan"
Principal Front-End Engineer - Team Lead (Vue.js),"Unanet, Inc.",No office location
Senior Web Developer - Help us teach kids to code!,Kodable,"San Diego, CA"
Senior Full Stack Engineer - Help us teach kids to code!,Kodable,"San Diego, CA"
Full Stack Software Engineer - Mobile Healthcare,Medsphere,No office location
Java Architect / Technical Lead,ELCA Informatique SA,
Sr Front End Developer (Angular / React),HaysviaHays plc,"Orlando, FL"
Senior Frontend Developer,Telia Company,"Solna, Sweden"
"Front-End Developer, Full-Time Job Bucharest",SkillValue,"Bucharest, Romania"
Solution Architect,Telia Company,"Solna, Sweden"
Front End Java Developer,Brazen Technologies,"Arlington, VA"
"Frontend Developer (gn) JavaScript, HTML5, CSS3",4Com GmbH & Co. KG,"Hannover, Deutschland"
Senior Frontend Web Developer (m/f),Mindbreeze,"Linz, Österreich"
Junior Web Developer (Angular),ELCA Informatique SA,"Zürich, Switzerland"
Développeur C# / .NET H/F – Poste CDI – Lille,SkillValue,"Lille, France"
Software Engineer - mid-senior; python & javascript,Envelop Risk,"Bristol, UK"
Full Stack Software Engineer (Vue.js & Django) (m/f/d),Limehome GmbH,"München, Germany"
Project Developer JavaScript & PHP,FactSet,"Frankfurt, Germany"
Développeur Front-end (H/F),Publicis Sapient Engineering,"Paris, France"
Frontend Developer (Vue.js),EJN Corp.,"Tokyo, Japan"
Frontend Developer (Vue or React),EJN Corp.,"Teheran-ro, South Korea"
Senior Software Engineer (m/w) 80  100%,BlueCare AG,"Winterthur, Switzerland"
Professional Software Engineer (m/w) 80  100%,BlueCare AG,"Winterthur, Switzerland"
Web Front-end Architect / Technical Lead,ELCA Informatique SA,"Zürich, Switzerland"
Java Developer,LMAX Group,"London, UK"
【自社開発のみ / PG】経験者優遇!急成長中のBtoCマーケットプレイスを支えるPHPプログラマー募集,クムクム株式会社,"Minato City, Japan"
サーバーサイド エンジニア,株式会社テコテック,"Minato City, Japan"
Senior Full-Stack Developer*,inovex GmbH,"Hamburg, Deutschland"
Senior Software Developer* mit Schwerpunkt Web Frontend,inovex GmbH,"Hamburg, Deutschland"
システムエンジニア,株式会社テクトレージ,"Osaka, Japan"
"Full-stack Developer (.NET/.NET Core, Vue.js)",VismaviaWork in Lithuania,"Vilnius, Lithuania"
SREエンジニア,type転職エージェント,"Shinagawa City, Japan"
【AWS】クラウドインフラエンジニア,株式会社ヴォーカーズ,"Shibuya City, Japan"
Full Stack Php Developer,Zluck Solutions,"Surat, India"
Core PHP Developer,Crest Infosystems Pvt. Ltd.,"Surat, India"
Full Stack Developer/ Engineer,MNR Solutions Private Limited,"Hyderabad, India"
Sr. PHP Developer,Augurs,"Lucknow, India"
Senior DevOps Engineer,Nacelle,No office location
【Go/Vue/フルリモートOK!】自社プロダクト「ライクル」Webエンジニア,SO Technologies 株式会社,"Chiyoda City, Japan"
SE,SO Technologies株式会社,"Chiyoda City, Japan"
プロダクト開発/スクラムマスター,株式会社Phone Appli,"Minato City, Japan"
SE,株式会社Apex,"Chiyoda City, Japan"
開発リーダー,株式会社キュービック,"Shinjuku City, Japan"
保育園完備 子連れ出勤OK 【ママエンジニア募集】ブランクありでもOK,チアーマザーズ株式会社,"Taito City, Japan"
FEエンジニア・アルバイト(東京・CS),株式会社オロ,"Meguro City, Japan"
Vue.js社内管理,株式会社ビーネックスソリューションズ,"Minato City, Japan"
エンジニアリングマネージャー,株式会社アペルザ,"Yokohama, Japan"
ウェブアプリケーションエンジニア,株式会社アペルザ,"Yokohama, Japan"
テックリード,株式会社アペルザ,"Yokohama, Japan"
フロントエンドエンジニア(プログラマー),株式会社　　エース,"Osaka, Japan"
LAMP開発(基幹業務システム),株式会社キャリアデザインITパートナーズ,"Shibuya City, Japan"
ベテランエンジニア活躍中 総合予約サイト 機能拡張・運用等(浜松町),株式会社ビーネックスソリューションズ,"Minato City, Japan"
"Frontend Software Engineer. Evangelist. Enthusiast (Java Script, HTML5) (m/f/x)",financial.com AG,"München, Deutschland"
フロントエンドエンジニア(クラウドサイン),弁護士ドットコム株式会社,"Minato City, Japan"
CRE(クラウドサイン),弁護士ドットコム株式会社,"Minato City, Japan"
.Net Architect / Technical Lead,ELCA Informatique SA,"Zürich, Switzerland"
.NET Developer,Bluebolt,"Chicago, IL"
Remote Shopify Developer,Bluebolt,"Chicago, IL"
"Senior Backend Developer (Node, Event-Driven)",Nacelle,No office location
Senior Java Developer who wants to make a difference,O'Reilly Auto Parts,No office location
Web Developer (m/f/d),VEACT GmbH,"München, Deutschland"
Lead Full Stack Developer,ABOUT YOU GmbH,"Hamburg, Deutschland"
Frontend Developer,ABOUT YOU GmbH,"Hamburg, Deutschland"
Team Leader Java Developer,Experis - ManpowerGroup,"Trieste, Italy"
Robots in search for a Full Stack Javascript Developer (f/m) (Vienna/Cologne),Humanizing Technologies GmbH,"Wien, Austria"
フルリモートエンジニア,株式会社プライムスタイル,"Bunkyo City, Japan"
【インターンシップ】ゲーム エンタメ/芸能,株式会社ギャポリー,"Minato City, Japan"
Java(SpringBoot)開発エンジニア(経験者),株式会社Value,"Shinjuku City, Japan"
プロダクトマネージャー/インターネット/Webサービス・ASP,株式会社 フロムスクラッチ,"Shinjuku City, Japan"
Webエンジニア(SaaS事業),アイスタイルグループ,"Minato City, Japan"
リードエンジニア,アイスタイルグループ,"Minato City, Japan"
プログラマー,株式会社 ワイズネット,"Chiyoda City, Japan"
Webエンジニア,株式会社イマジカデジタルスケープ,"Osaka, Japan"
アプリケーションエンジニア,アイレット株式会社,"Osaka, Japan"
リードエンジニア(大阪勤務),シアトルコンサルティング株式会社,"Osaka, Japan"
エンジニア,フェンリル株式会社,"Osaka, Japan"
フロントエンドエンジニア,株式会社アジャイルウェア,"Osaka, Japan"
Senior Software Developer,Titansoft Pte Ltd,Singapore
その他、技術系,株式会社ユニクエスト,"Osaka, Japan"
AI・画像処理・画像認識アルゴリズム開発エンジニア/インターネット/Webサービス・ASP,セーフィー 株式会社,"Shinagawa City, Japan"
プロジェクトマネジャー・プロジェクトリーダー/モバイル/アプリサービス,株式会社 ソニックス,"Shinagawa City, Japan"
Software Engineer .NET,VX Company,"Baarn, Netherlands"
Urgent Opening for PHP Laravel Web Development,Connect 4 Resources,"New Delhi, India"
プロダクトマネージャー,株式会社フロムスクラッチ,"Shinjuku City, Japan"
システム保守運用,株式会社フロムスクラッチ,"Fukuoka, Japan"
Full Stack Developer (Laravel & vueJs),Soul Identity,"Pune, India"
Fresher - PHP Developer (CodeIgniter),Yashaa Digital,"Pune, India"
Senior Software Engineer .Net,Qualmids,"Hyderabad, India"
Principal Software Engineer,Qualmids,"Hyderabad, India"
Senior UI Developer,SAN HR ADVISORS,"Pune, India"
Senior iOS Engineer (Swift),Wisely,No office location
Senior Full-Stack Engineer (Vue/Node),Wisely,No office location
Mid-Senior Frontend Developer,MediXall.com,"Fort Lauderdale, FL"
Mid-Senior Backend Developer,MediXall.com,"Fort Lauderdale, FL"
"Manager, Engineering (Billing Team - Remote Opportunity)",BigCommerce,No office location
Senior Full Stack Developer,Titan School Solutions,No office location
Backend Developer,Sofía,"Mexico City, Mexico"
Senior Backend Engineer (Django),PolicyFly,No office location
Senior NodeJS back end software developer,Prometheum Inc.,"New York, NY"
SENIOR GAME ENGINE DEVELOPER JAVASCRIPT / HTML5: For strategic online games.,Bytro Labs GmbH,"Hamburg, Germany"
HTML5 Frontend Developer: Strategic online games are our passion.,Bytro Labs GmbH,"Hamburg, Germany"
Full Stack Developer (Senior Software Development Engineer),SOPHiA GENETICS,"Lausanne, Switzerland"
JavaScript Developer,Revolution,"Little Rock, AR"
Fullstack Developer,Hapag-LloydviaHays plc,"Gdańsk, Poland"
Webエンジニア(社内向けサービス),株式会社コロプラ,"Shibuya City, Japan"
【インターンシップ】WEB IT/ソフトウェア,株式会社CyberOwl,"Shibuya City, Japan"
フリーダムエンジニア/その他IT/Web・通信・インターネット系,Fabeee 株式会社,"Chiyoda City, Japan"
ITエンジニア(オープンポジション)/その他IT/Web・通信・インターネット系,Fabeee 株式会社,"Chiyoda City, Japan"
現在業務系エンジニア/その他IT/Web・通信・インターネット系,Fabeee 株式会社,"Chiyoda City, Japan"
$荒野のエンジニア$/その他IT/Web・通信・インターネット系,Fabeee 株式会社,"Chiyoda City, Japan"
「保険相談ニアエル」のバックエンドエンジニア(リーダー)/インターネット/Webサービス・ASP,株式会社 LHL,"Shinjuku City, Japan"
データサイエンティスト/その他IT/Web・通信・インターネット系,Fabeee 株式会社,"Chiyoda City, Japan"
「保険相談ニアエル」のバックエンドエンジニア/インターネット/Webサービス・ASP,株式会社 LHL,"Shinjuku City, Japan"
ソフトウェアエンジニア/システムインテグレータ・ソフトハウス,株式会社 ゼロフィールド,"Minato City, Japan"
フルスタック開発エンジニア,株式会社アイルミッション,"Yokohama, Japan"
Webエンジニア/インターネット/Webサービス・ASP,Nishika 株式会社,"Chiyoda City, Japan"
ハードウェアエンジニア/システムインテグレータ・ソフトハウス,株式会社 ゼロフィールド,"Minato City, Japan"
Webエンジニア(福井県鯖江市勤務)/ITコンサルティング,株式会社 メンバーズ メンバーズエッジカンパニー,"Minamishimabara, Japan"
サーバサイドエンジニア/システムインテグレータ・ソフトハウス,ノウブル 株式会社,"Minato City, Japan"
サーバーサイドエンジニア(完全在宅勤務)/ITコンサルティング,株式会社 メンバーズ メンバーズエッジカンパニー,"Chuo City, Japan"
フロントエンドエンジニア/東京/音声解析AI営業/ 600万円~1200万円/フルフレックス,株式会社RevComm,"Shibuya City, Japan"
モバイルアプリエンジニア,株式会社RevComm,"Shibuya City, Japan"
IoTプロダクト開発エンジニア,株式会社ウフル,"Minato City, Japan"
・フロントエンドエンジニア ・バックエンドエンジニア ・モバイルエンジニア( Flutterエンジニア ),エヌ次元株式会社,"Shibuya City, Japan"
Webアプリエンジニア,株式会社ミナケア,"Chiyoda City, Japan"
プロジェクトマネージャー,UUUM株式会社,"Minato City, Japan"
エンジニア,Spready株式会社,"Shibuya City, Japan"
IT事業部スターティングメンバー(開発系職種),ワークタンク,"Shinagawa City, Japan"
Webエンジニア新規事業開発チーム,type転職エージェント,"Shinagawa City, Japan"
WEBアプリエンジニア/ソフトウェア/パッケージベンダ,株式会社 セルシス,"Shinjuku City, Japan"
【BASE】フロントエンドエンジニア/その他金融・保険系,BASE 株式会社,"Minato City, Japan"
サーバーサイドエンジニア(クラウドサイン)/インターネット/Webサービス・ASP,弁護士ドットコム 株式会社,"Minato City, Japan"
プロダクトマネージャー/インターネット/Webサービス・ASP,株式会社 Relic,"Shibuya City, Japan"
サーバーサイドエンジニア/インターネット/Webサービス・ASP,株式会社 Relic,"Shibuya City, Japan"
エンジニア,株式会社ラクーン,"Chuo City, Japan"
サーバーサイドエンジニア(グローバル)/インターネット/Webサービス・ASP,株式会社 Relic,"Shibuya City, Japan"
CRE(クラウドサイン)/インターネット/Webサービス・ASP,弁護士ドットコム 株式会社,"Minato City, Japan"
サーバーサイドエンジニア(自社カジュアルギフトサービス「giftee」チーム),type転職エージェント,"Shinagawa City, Japan"
フロントエンドエンジニア(弁護士ドットコム),弁護士ドットコム株式会社,"Minato City, Japan"
アプリケーションエンジニア,株式会社モバイルファクトリー,"Shinagawa City, Japan"
IoTエンジニア,株式会社スマートショッピング,"Shinagawa City, Japan"
ソフトウェアエンジニア(TIG/Technology Architect),フューチャーアーキテクト株式会社,"Shinagawa City, Japan"
バックエンドエンジニア,合同会社DMM.com,"Minato City, Japan"
エンジニアリングマネージャー,アイスタイルグループ,"Minato City, Japan"
フロントエンドエンジニア/re:shineチーム,株式会社メタップス,"Minato City, Japan"
CCCMK_内製エンジニア(データエンハンス),カルチュア･コンビニエンス・クラブグループ,"Shibuya City, Japan"
システムエンジニア(バックエンド/フロントエンド),株式会社アーティス,"Hamamatsu, Japan"
開発リーダー/プロジェクトリーダー(京都)/システムインテグレータ・ソフトハウス,株式会社 ブイ・クルーズ,"Kyoto, Japan"
Webエンジニア/プログラマ(京都)/システムインテグレータ・ソフトハウス,株式会社 ブイ・クルーズ,"Kyoto, Japan"
2名募集 即日/交通費全額/次世代プラットホームの開発支援,株式会社エーティーエス,"Chiyoda City, Japan"
PHP Developer,Moveo,"Ahmedabad, India"
WEBエンジニア(福岡勤務)/ITコンサルティング,株式会社 メンバーズ メンバーズエッジカンパニー,"Fukuoka, Japan"
Java Entwickler (m/w/d),MT AG - enabling the adaptive enterprise,"Ratingen, Deutschland"
開発エンジニア(福岡オフィス)/システムインテグレータ・ソフトハウス,株式会社 スタイル・フリー,"Fukuoka, Japan"
リードエンジニア(天神・北九州・今宿・フルリモート)/ITコンサルティング,株式会社 メンバーズ メンバーズエッジカンパニー,"Fukuoka, Japan"
Webエンジニア,株式会社メンバーズ メンバーズエッジカンパニー,"Fukuoka, Japan"
Webエンジニア/京都支社スターティングメンバー/自社内開発あり/残業月平均12h/テレワーク制度あり,株式会社　アクセル・モード,"Yokote, Japan"
フロントエンドエンジニア(au スマートパス),株式会社mediba,"Minato City, Japan"
シニアフロントエンドエンジニア,GMOペパボ株式会社,"Shibuya City, Japan"
ソフトウェアエンジニア / フロントエンド / Private Cloud Platform,LINE株式会社,"Shinjuku City, Japan"
フロントエンドエンジニア,GMOペパボ株式会社,"Shibuya City, Japan"
プロジェクトマネージャー,株式会社ベガコーポレーション,"Fukuoka, Japan"
SE,ピーティーエス・コンサルティング・ジャパン株式会社,"Shinjuku City, Japan"
【インターンシップ】 技術職向け春のシップ,ピクシブ株式会社,"Shibuya City, Japan"
WEBアプリケーションエンジニア,株式会社SoleBrain,"Chiyoda City, Japan"
WEBエンジニア(仙台勤務)/ITコンサルティング,株式会社 メンバーズ メンバーズエッジカンパニー,"Chiyoda City, Japan"
Webアプリケーションエンジニア,株式会社シムネット,"Sendai, Japan"
飲食店×テクノロジー×仙台|0 1立ち上げバックエンドエンジニア,株式会社Showcase Gig,"Sendai, Japan"
リードエンジニア(神戸・札幌・フルリモート)/ITコンサルティング,株式会社 メンバーズ メンバーズエッジカンパニー,"Sapporo, Japan"
フロントエンドエンジニア(沖縄立ち上げメンバー募集)/インターネット/Webサービス・ASP,CBcloud 株式会社,"Naha, Japan"
SE・プログラマ 2021卒,株式会社イーグリッド,"Maebashi, Japan"
Angular & Node JS Developer,iKomet Technology Solutions,"Chennai, India"
Full Stack Developer,ANB Systems,"Chennai, India"
JavaScript Developer,Euroland India,"Chennai, India"
Looking For UI Developer / 4-7 Years / Chennai,EC Group,"Chennai, India"
MEAN Stack Developer,Inception Labs,"Chennai, India"
UI Web Developer,Groupfio,"Chennai, India"
Full Stack Developer (80%-100%),onstructive GmbH,"Winterthur, Schweiz"
React / React Native Developer,azularc,"Mumbai, India"
React Native Developer,Icicle Technologies,"Mumbai, India"
Team Leader (Software) - Bangalore,Wabco,"Bengaluru, India"
Full Stack Developer,Foyr,"Hyderabad, India"
Front End UI Developer,"OpsRamp, Inc.","Hyderabad, India"
Full Stack Web Developer (w/m/d) Fokus Frontend | Team Assets,Otto (GmbH & Co KG),"Hamburg, Germany"
Frontend++ Developer (80-100%),onstructive GmbH,"Winterthur, Schweiz"
Lead Full Stack Engineer (GRV/ Akamai/ OpenID): Remote (Global),Modus Create,No office location
Senior Full Stack Developer,Northern Ground,"Milwaukee, WI"
"Full Stack Developer (m/w) (Java, Vue.js, JavaScript, Spring Boot)",RIAG DIGITAL,"Wien, Austria"
Software Engineer II,Citizens Bank,"Providence, RI"
Senior Software Engineer,Citizens Bank,"Providence, RI"
Senior Software Engineer,Citizens Bank,"Providence, RI"
Front-end Developer,Primephonic,"Amsterdam, Netherlands"
Senior Software Engineer,Citizens Bank,"Providence, RI"
Principal Software Engineer,Citizens Bank,"Providence, RI"
Principal Software Engineer,Citizens Bank,"Providence, RI"
Software Engineer II,Citizens Bank,"Providence, RI"
Senior Software Engineer,Citizens Bank,"Providence, RI"
Principal Software Engineer,Citizens Bank,"Providence, RI"
Front-end Cloud Development Engineer,Siemens AG,"Katowice, Poland"
Fullstack JavaScript Engineer for an Marketplace SaaS Platform as potential CIO,HeyAMZ UG (haftungsbeschränkt),"Mannheim, Deutschland"
Fullstack Software Engineer,Clarity Innovations,"Boston, MA"
.NET Architect / Technical Lead,ELCA Informatique SA,
Mid-level Rails Developer,Ascender HCM,"Quezon City, Philippines"
ソフト開発プログラミング (ソフトウェア会社でのお仕事です ) Java,株式会社スタッフサービス,"Shinjuku City, Japan"
Webアプリエンジニア,アイレット株式会社,"Osaka, Japan"
システムエンジニア,株式会社テクトレージ,"Kofu, Japan"
明治神宮前駅|大手事業会社でサービスを加速させるフロントエンドエンジニア募集 月給25万~50万円/交通費支給|プログラマ(オープン WEB系),株式会社カドベヤ 株式会社カドベヤ,"Shibuya City, Japan"
フロントエンドエンジニア,株式会社BookLive,"Minato City, Japan"
Webエンジニア,株式会社スタディスト,"Chiyoda City, Japan"
JavaScriptエンジニア/インターネット/Webサービス・ASP,株式会社 インフキュリオンデジタル,"Chiyoda City, Japan"
"スマートフォンアプリエンジニア(Android,Flutter)/インターネット/Webサービス・ASP",株式会社 インフキュリオンデジタル,"Chiyoda City, Japan"
WEBエンジニア,SO Technologies株式会社,"Chiyoda City, Japan"
シニアエンジニア,ソウルドアウト株式会社,"Chiyoda City, Japan"
ITエンジニア,株式会社with,"Taito City, Japan"
【フルリモート/Go】自社プロダクト「ATOM」Webエンジニア,SO Technologies 株式会社,"Chiyoda City, Japan"
SRE(DevOpsエンジニア),KeepAlive株式会社,"Shinjuku City, Japan"
リードエンジニア,株式会社ネクストビート,"Shibuya City, Japan"
フロントエンドエンジニア~フリマアプリ『ラクマ』担当~,type転職エージェント,"Setagaya City, Japan"
Webアプリエンジニア,アイレット株式会社,"Osaka, Japan"
社内SE(自社システム企画/開発)/フレックス勤務,株式会社Works Human Intelligence,"Minato City, Japan"
スマホアプリエンジニア,エムスリーキャリア株式会社,"Minato City, Japan"
エンジニアリングマネージャー,paiza株式会社,"Minato City, Japan"
即日スタート/交通費全額/開発案件におけるPM業務,株式会社エーティーエス,"Osaka, Japan"
Railsエンジニア/100%受託開発/渋谷/ベンチャー/週1リモート/時短勤務可,mofmof inc.,"Shibuya City, Japan"
Laravel Developer,Hk infosoft,"Ahmedabad, India"
AI関連システムの開発(Python),株式会社キャリアデザインITパートナーズ,"Shibuya City, Japan"
アプリエンジニア,株式会社MONOKROM,"Shibuya City, Japan"
Senior Full Stack Engineer,Applied,"London, UK"
SENIOR FULL-STACK DEVELOPER(シニア フルスタック デベロッパー),FunkyCorp Ltd.,"Minato City, Japan"
Full Stack Developer,Rejolut Technology Solutions Pvt Ltd.,"Navi Mumbai, India"
Full Stack Developer - Qure.ai,Fractal.ai,"Mumbai, India"
Full Stack Developer,AlphaGrep Securities,"Mumbai, India"
Fullstack Developer,Corp Talents,"Mumbai, India"
Senior Developer Software Developer,Feasible Technologies Private Limited,"Hyderabad, India"
Senior Frontend Developer (Remote),Hypothesis.is,No office location
"Software Engineer (Full-Stack): Graph Visualisation, Benchmarking, Web Services",Grakn Labs,"London, UK"
Product Software Engineer,Xpand IT,"Lisboa, Portugal"
QA Engineer,Back Market,"Paris, France"
"Senior JavaScript-Developer (f/m/d) Cologne, Paderborn or remote",DeepL GmbH,"Köln, Deutschland"
Full Stack Developer,BLAZON,"Coimbatore, India"
Mid/Senior Front End Engineer,PT Gigaming Intermedia Solusindo,"Kecamatan Sumur Bandung, Indonesia"
PHP Web Developer,CUETIN,"Hyderabad, India"
フロントエンドエンジニア(管理職候補),type転職エージェント,"Shibuya City, Japan"
2名 即日/交通費/会計パッケージシステム開発(Java),株式会社エーティーエス,"Minato City, Japan"
ソフトウェアエンジニア (Frontend)/インターネット/Webサービス・ASP,株式会社 SIGNATE,"Chiyoda City, Japan"
社内SE(Webページ作成・運用管理など),株式会社エヌアセット,"Kawasaki, Japan"
プログラマ Web オープン系,株式会社言語サービス,"Yokohama, Japan"
大阪支社 / インフラエンジニア,シアトルコンサルティング株式会社,"Osaka, Japan"
早稲田駅|開発部門のマネージャー候補(優秀なメンバー / フラットな組織 / チャンスの多い環境)|プロジェクトマネージャ(オープン WEB系),株式会社プライムスタイル 東京本社,"Bunkyo City, Japan"
早稲田駅|AI案件増加中 / リモート勤務など柔軟に働けます / 残業少なめ / SE 募集 |アプリケーション設計(オープン WEB系),株式会社プライムスタイル 東京本社,"Bunkyo City, Japan"
SRE(サイトリライアビリティエンジニア )/インターネット/Webサービス・ASP,BHI 株式会社,"Shibuya City, Japan"
サーバーエンジニア,ウエストユニティス株式会社,"Osaka, Japan"
Senior PHP Developer,Defiant Inc,No office location
新卒エンジニア(21卒),ナイル株式会社,"Shinagawa City, Japan"
フロントエンドエンジニア,株式会社フォーミックス,"Shinagawa City, Japan"
クラウドエンジニア(AWS),type転職エージェント,"Shinjuku City, Japan"
SE,株式会社アイスリーデザイン,"Shibuya City, Japan"
フロントエンドエンジニア,アイレット株式会社,"Minato City, Japan"
Webエンジニア,GROOVEX株式会社,"中央区, Japan"
Dotnet Developer,Indium Software,"Bengaluru, India"
Java、SQL/生命保険代理店サイトの再構築,株式会社ブレーンネット,"Chiyoda City, Japan"
Full Stack Developer (Evening),Maropost,"Sahibzada Ajit Singh Nagar, India"
Full Stack Web Developer,Spiria Digital,"Gatineau, QC, Canada"
"Manager, Engineering (Billing Team)",BigCommerce,"Austin, TX"
Senior Java Software Engineer,AIR MILES,"Toronto, ON, Canada"
"Senior Fullstack Developer (Python, Java, AngularJS, Node.JS, React, Web, UI)",Mimecast,"London, UK"
Senior Full-Stack Developer (Back-end oriented),Tipalti,"Glil Yam, Israel"
Full Stack Developer,Grow-Trees.com,"Mumbai, India"
Software Engineer,Credent Team Pvt. Ltd.,"Bengaluru, India"
サーバーサイドエンジニア,TOWN株式会社,"Chuo City, Japan"
【正社員】システム開発エンジニア(リーダー職)・年収~800万円,株式会社サークルネット,"Tokyo, Japan"
インフラエンジニア(SREリーダー),type転職エージェント,"Chiyoda City, Japan"
【上場企業で正社員!】サーバーサイドエンジニア,株式会社サークルネット,"Tokyo, Japan"
フロントエンドエンジニア,株式会社マイクロアド,"Shibuya City, Japan"
セキュリティエンジニア,type転職エージェント,"Chiyoda City, Japan"
プロジェクトマネージャー(マネージャー候補),type転職エージェント,"Chiyoda City, Japan"
サーバサイドエンジニア,クーコム株式会社,"Shibuya City, Japan"
電子書籍運営会社でフロントエンドエンジニア,株式会社フェローズ,"Minato City, Japan"
スマートフォンアプリエンジニア,type転職エージェント,"Chiyoda City, Japan"
プログラマ,"Evolable Asia Co.,Ltd.","Chuo City, Japan"
プロジェクトマネージャー/プロジェクトリーダー,株式会社エヌ・ティー・エス,"Toshima City, Japan"
プログラマー / システムエンジニア,株式会社インファンクォーレ,"Toshima City, Japan"
フロントエンドエンジニア,株式会社PTMIND,"Shibuya City, Japan"
【正社員・年収~800万円】システム開発エンジニア(リーダー職)@大阪,株式会社サークルネット,"Osaka, Japan"
九段下駅|Web系システム開発エンジニア若手大歓迎 あなたの成長を全力でサポートします |データベース設計 構築 運用 保守(オープン WEB系),株式会社ジェネスティコンサルティング 本社※勤務先はお客様先です,"Chiyoda City, Japan"
飯田橋駅|Web系システム開発エンジニア若手大歓迎 あなたの成長を全力でサポートします |アプリケーション設計(オープン WEB系),株式会社ジェネスティコンサルティング 本社※勤務先はお客様先です,"千代田区, Japan"
後楽園駅|Web系システム開発エンジニア若手大歓迎 あなたの成長を全力でサポートします |アプリケーション設計(オープン WEB系),株式会社ジェネスティコンサルティング 本社※勤務先はお客様先です,"Chiyoda City, Japan"
飯田橋駅|Web系システム開発エンジニア若手大歓迎 あなたの成長を全力でサポートします |プログラマ(オープン WEB系),株式会社ジェネスティコンサルティング 本社※勤務先はお客様先です,"千代田区, Japan"
後楽園駅|Web系システム開発エンジニア若手大歓迎 あなたの成長を全力でサポートします |プログラマ(オープン WEB系),株式会社ジェネスティコンサルティング 本社※勤務先はお客様先です,"Chiyoda City, Japan"
小千谷駅|開発案件のアーキテクト(海外とのやりとりあり / 残業少なめ / チャンスの多いベンチャー企業)|アプリケーション設計(オープン WEB系),株式会社プライムスタイル 新潟オフィス,"Ojiya, Japan"
小千谷駅|AI案件増加中 / リモート勤務など柔軟に働けます / 残業少なめ / SE 募集 |データベース設計 構築 運用 保守(オープン WEB系),株式会社プライムスタイル 新潟オフィス,"Ojiya, Japan"
"SE 正社員 WEB面接OK 豊洲 Java,Vue.js経験者募集 データ活用プロトシステム開発",株式会社ビーネックスソリューションズ,"Koto City, Japan"
丸太町駅|デザイナーとプログラマーの両方やりたいフロントエンドエンジニア募集 ( リモートも可 )|WEBデザイナー,メディアマックスジャパン株式会社 本社,"Kyoto, Japan"
Webデザイナー,株式会社ロボット,"Shibuya City, Japan"
SE,株式会社ユニラボ,"Shinagawa City, Japan"
交通費全額 大手企業/保険業向けアジャイル開発(リーダー),株式会社エーティーエス,"大阪市, Japan"
Azureエンジニア/システムインテグレータ・ソフトハウス,株式会社 GxP,"Shinjuku City, Japan"
フリーランス　金融業向けシステム開発エンジニア　30代・40代活躍中,株式会社ビーブレイクシステムズ,"Minato City, Japan"
新着 プロダクト開発エンジニア(CSA),クラスメソッド株式会社,"Chiyoda City, Japan"
ITエンジニア,株式会社with,"Chuo City, Japan"
【正社員・年収700~1200万円】上場企業でシステム開発マネージャー,株式会社サークルネット,"Tokyo, Japan"
乃木坂駅|デザイナーとプログラマーの両方やりたいフロントエンドエンジニア募集 ( リモートも可 )|WEBデザイナー,メディアマックスジャパン株式会社 東京オフィス,"Minato City, Japan"
Full-Stack Developer,Charidy,"Brooklyn, NY"
ソフトウェアエンジニア(メディアグロース),レバレジーズ株式会社,"Shibuya City, Japan"
新規ゲームメディア開発マネージャー,ナイル株式会社,"Shinagawa City, Japan"
アプリケーションエンジニア リーダー候補,株式会社KDDIウェブコミュニケーションズ,"Minato City, Japan"
フロントエンドエンジニア,CROOZ SHOPLIST株式会社,"Shinagawa City, Japan"
ネイティブアプリエンジニア,CROOZ SHOPLIST株式会社,"Shinagawa City, Japan"
Webエンジニア(社内向けサービス),type転職エージェント,"Shibuya City, Japan"
Senior Data Engineer,Civitech,"Austin, TX"
Senior Software Engineer,Patch.com,"New York, NY"
Full Stack Developer,Särmä Digital Oy,"Helsinki, Finland"
"Full Stack Developer: Node.js, Python or Go | autonomy, flexibility | new team",Oscatelviatechfolk,No office location
Full Stack Developer,Enovational,"Washington, DC"
Full Stack .NET Developer (inhouse),Bloemert | Development B.V.,"Staphorst, Netherlands"
Senior Front-end Developer (Vue.js),Insider,"Kâğıthane, Turkey"
CI/CD Toolchain Developer,Segula Technologies Sweden,"Gothenburg, Sweden"
Full-Stack Web-Entwickler (m/w/d),RheinEnergie AG,"Köln, Deutschland"
Full-stack Engineer,naontek AG,"Düsseldorf, Germany"
Tech Lead (m/w/d) Java,Breuninger GmbH & Co.,"Stuttgart, Deutschland"
Backend Engineer (m/f/d) - Working Student or Intern,Motius GmbH,"München, Deutschland"
Frontend Engineer (m/f/d) - Working Student or Intern,Motius GmbH,"München, Deutschland"
Java Entwickler*in (m/w/d),GFT Deutschland,"Eschborn, Deutschland"
(Java)コスメ/デジタルコード販売サービス開発案件,レバテック株式会社,"Setagaya City, Japan"
システムエンジニア,株式会社シャインソフト,"Minato City, Japan"
住まいDiv.Rubyエンジニア,株式会社じげん,"Minato City, Japan"
Développeur Full-Stack H/F – CDI – Paris,SkillValue,"Paris, France"
Webエンジニア 広告サービス自社開発,株式会社ロンバード,"Shinagawa City, Japan"
ECサイトフロントエンド開発(JavaScript),株式会社アイソル,"Shinjuku City, Japan"
PHP-/Javascript-Entwickler mit einem Faible für Datenprozesse (w/m/d),Publicare Marketing Communications GmbH,"Frankfurt am Main, Deutschland"
Software Developer Javascript,Virtuoso,"Hyderabad, India"
Job Opportunity - Full Stack Developer(Java),Datadot Software Solutions,"Hyderabad, India"
Java Developer,Gleecus TechLabs Pvt. Ltd,"Hyderabad, India"
Senior Web Developer,BrandMommy,"New Delhi, India"
Front End Web Developer,Agicent Technologies,"Noida, India"
社内SE,type転職エージェント,"Shibuya City, Japan"
Senior Front-end Engineer,"Autify, Inc.","Tokyo, Japan"
JavaScriptエンジニア,type転職エージェント,"Chiyoda City, Japan"
Rubyエンジニア(研究開発チーム)/インターネット/Webサービス・ASP,株式会社 LegalForce,"Chiyoda City, Japan"
PHP Laravel Backend Developer 2-4yr exp for fantasy sports gaming,MyExpert11 (Sportena Fantasy Pvt Ltd),"Bengaluru, India"
PHP Developer,Connect 4 Resources,"New Delhi, India"
Software Developers (WFH - For Now),La Net Team Software Solutions Pvt. Ltd.,"Surat, India"
Senior Web Developer,Portable,"Fitzroy, Australia"
Full Stack Developer,Adrobit Technologies,"Kolkata, India"
Full Stack Developer,Vixplor Analytics,"Kolkata, India"
Sr. PHP Developer / Team Lead,innofied,"Kolkata, India"
PHP Developer,innofied,"Kolkata, India"
Laravel Developer,Brainium Information Technologies,"Kolkata, India"
Junior Web Developer / Web Developer - PHP,Openweb Solutions,"Kolkata, India"
UI Developer,Profectus,"Bengaluru, India"
UI Developer,Anatta,"Bengaluru, India"
"PHP / Full stack developer Bangalore, India",DocOnline Health India Private Limited,"Bengaluru, India"
DevOps Engineer (Active TS SCI with Polygraph),APEX Expert Solutions,"Reston, VA"
Front End Engineer,Bombora,"Reno, NV"
Web Front-End Developer,SnippetBucket Technologies,"Ahmedabad, India"
Senior PHP Developer,2basetechnologies,"Kochi, India"
Php Developer,Infintor Solutions,"Kochi, India"
"PHP / Full stack developer Hyderabad, India",DocOnline Health India Private Limited,"Hyderabad, India"
Senior Laravel Developer,FLYING STARS INFORMATICS,"Hyderabad, India"
PHP Developer,SibzSolutions,"Pune, India"
FinTech Developer,OliBank,"Bogota, Colombia"
Security Developer,OliBank,No office location
Senior Web Application Engineer,"Autify, Inc.","Tokyo, Japan"
Senior Web Developer,Vilocity Interactive,"Phoenix, AZ"
(Senior) Frontend Engineer (f/m/d),real.digital,"Köln, Deutschland"
Senior JavaScript Engineer (Node/React) - Learn Serverless!,CazooviaTalent Point,"London, UK"
Software Engineer PHP (m/f/x),Lyke GmbH,"Hannover, Deutschland"
Agile Produktentwicklung in Köln – Lerne Studitemps kennen,Studitemps,"Köln, Germany"
Engineering Team Lead - help build top rated SaaS tools for medical researchers!,Castor,"Amsterdam, Netherlands"
SRE,株式会社スマートショッピング,"Shinagawa City, Japan"
PHP – Laravel Developer – Backend,CareerXperts,"Bengaluru, India"
PHP Developer,DG Design Studio,"Chennai, India"
学生アルバイト/有給インターン,株式会社Phone Appli,"Minato City, Japan"
Web Developer,Mindnotix,"Coimbatore, India"
派遣/駅チカの綺麗なオフィス サーバーサイドエンジニア Linux,株式会社スタッフサービス　エンジニアガイド,"Shibuya City, Japan"
ソフトウェアエンジニア(メディアグロース),type転職エージェント,"Shibuya City, Japan"
Ruby/Railsエンジニア/システムインテグレータ・ソフトハウス,株式会社 ゼロフィールド,"Minato City, Japan"
Front - End Engineer,Amazon Web Services,"Arlington, VA"
Pythonエンジニア/システムインテグレータ・ソフトハウス,株式会社 ゼロフィールド,"Minato City, Japan"
システム開発エンジニア,Cloud9株式会社,"Chiyoda City, Japan"
Rails/PHP エンジニア(京都・時短)/システムインテグレータ・ソフトハウス,株式会社 ブイ・クルーズ,"Kyoto, Japan"
.Net Developer,We Write Code,"Des Moines, IA"
Product owner infrastructure et intégrations,Antidot,"Lambesc, France"
Senior Tech Specialist (m/f/d) - JS Fullstack,Motius GmbH,"München, Deutschland"
Analyste Business du Pays H/F,IKEA,"Plaisir, France"
C/C++ Developer (m/w/d),OC Development GmbH,"Prien am Chiemsee, Deutschland"
Senior Full Stack Developer,Bark.com,"London, UK"
Développeur-euse Fullstack (F/H/X),Doctolib,"Levallois-Perret, France"
Senior Software Engineer (F/H/X),Doctolib,"Levallois-Perret, France"
Backend Web Developer (m/w),Energie 360° AG,"Zürich, Switzerland"
Full Stack Software Developer - IoT (w/m/d) 80-100%,Husqvarna (Schweiz) AG,"Zürich, Switzerland"
Senior AEM (Adobe Experience Manager) Engineer (m/w/d),N47 AG,"Zürich, Schweiz"
PHP Developer,Simform,"Ahmedabad, India"
Vues Js Developer,AddWeb Solution,"Ahmedabad, India"
PHP Laravel Developer,WebClues Infotech,"Ahmedabad, India"
Developer - PHP/ Laravel Framework,Smartway India Enterprises,"Coimbatore, India"
医療(電子カルテ)フロントエンジニア(スクラムマスター候補),株式会社Donuts,"Shibuya City, Japan"
ポテンシャル採用エンジニア,株式会社インディバル,"Chiyoda City, Japan"
コールセンターシステム開発(Java・Javascript),株式会社アイソル,"Toshima City, Japan"
"時給3,000円 golang/バックエンドエンジニア",株式会社エーティーエス,"Minato City, Japan"
Laravel Developer,Designoweb Technologies,"Noida, India"
Laravel Developer,Xenottabyte Services Pvt. Ltd. (Vert Age),"Noida, India"
Full Stack Developer - Laravel | Node | Angular,Vipra Business Consulting Services (P) Ltd.,"Noida, India"
java full stack Developer,Taggd,"Hyderabad, India"
"Laravel Developer (Laravel Framework, HTML5, PHP, MySQL, VueJs)",Sedulous,"Ahmedabad, India"
2021 新卒採用 インターネット関連 、 広告、情報処理,株式会社おいかぜ,"Kyoto, Japan"
リアルタイム通信サーバーサイドエンジニアを募集!,カディンチェ株式会社,"Shinagawa City, Japan"
ECサイト　フロントエンドエンジニア,アスクル株式会社,"Koto City, Japan"
フロントエンドエンジニア,株式会社うるる,"Chuo City, Japan"
フロントエンドエンジニア,SBヒューマンキャピタル株式会社,"Chuo City, Japan"
フロントエンドエンジニア,パーソルキャリア株式会社,"Chiyoda City, Japan"
リードフロントエンドエンジニア(フロント領域における開発環境設計・構築、サービス開発),株式会社クーリエ,"Shibuya City, Japan"
フロントエンドエンジニア,株式会社イマジカデジタルスケープ,"Chuo City, Japan"
【正社員】注目の上場企業でサーバーサイドエンジニア・年収400~600万円,株式会社サークルネット,"Osaka, Japan"
WebFrontedエンジニア(21年度卒),Chatwork株式会社,"Osaka, Japan"
[急募] ≪東京 年収600万円↑≫ウェアラブル系サーバーエンジニア,株式会社マイナビワークス(マイナビスタッフ),"Chiyoda City, Japan"
エンジニア,株式会社フォースリー,"Meguro City, Japan"
SE,株式会社ROXX,"Minato City, Japan"
電子チケット販売システムの開発(JavaScript),株式会社アイソル,"Chuo City, Japan"
派遣/朝はゆっくり10時出社 WEBシステム開発@秋葉原 PHP,株式会社スタッフサービス　エンジニアガイド,"Chiyoda City, Japan"
【東京】フロントエンドエンジニア/自社サービス,SBヒューマンキャピタル株式会社,"Minato City, Japan"
フロントエンドエンジニア,SBヒューマンキャピタル株式会社,"Chuo City, Japan"
スマホアプリエンジニア_事業支援部,SBヒューマンキャピタル株式会社,"Minato City, Japan"
バックエンドエンジニア　/　AIベンチャー,クライス&カンパニー,"Bunkyo City, Japan"
PHPエンジニア(大阪)/システムインテグレータ・ソフトハウス,株式会社 ロジカルスタジオ,"Osaka, Japan"
プログラマ,株式会社ヴァンガードテクノロジー,"Shibuya City, Japan"
バックエンドエンジニア/インターネット/Webサービス・ASP,OLTA 株式会社,"Minato City, Japan"
Javascript Developer (Vue.js / Node.js),Lucky Orange LLC,"Overland Park, KS"
Software Engineer in Test/インターネット/Webサービス・ASP,BHI 株式会社,"Shibuya City, Japan"
フロントエンジニア【沖縄オフィス立ち上げ決定!立ち上げメンバー募集】,CBcloud株式会社,"Naha, Japan"
Full Stack Software Engineer,Idea Evolver,"Philadelphia, PA"
Full Stack Software Engineer,Idea Evolver,"Brooklyn, NY"
Front End Software Engineer,Idea Evolver,"Brooklyn, NY"
Front End Software Engineer,Idea Evolver,"Philadelphia, PA"
Full Stack Engineer (React Native / Python),Modus Create,No office location
Lead Full Stack Developer,Creative Mines,"Hancock, MI"
Full Stack Developer,Creative Mines,"Hancock, MI"
Senior Software Engineer,Indeed,"Austin, TX"
Senior Full Stack Software Developer,EnginZyme,"Stockholm, Sweden"
Software Developer*,3AP AG,"Beograd, Serbia"
"Manager, Software Development",DATALINK SOFTWARE,"Tampa, FL"
Développeur Web,Agfa HealthCare,"Poitiers, France"
Senior Software Engineer,LINQ,No office location
Frontend Engineer,PayPay Corporation.,"Minato City, Japan"
JavaScript Engineer for our ecommerce storefront  (f/m/d),ePages GmbH,"Hamburg, Germany"
PHP Full Stack Developer Junior/Senior,LeasingMarkt.de GmbH,"Düsseldorf, Deutschland"
Senior Fullstack Developer - Java / Kotlin / Javascript,teckro,"Dublin 2, Ireland"
Senior Frontend Developer,VMRay,"Bochum, Deutschland"
Full Stack PHP Web Developer,Outreach Inc,"Colorado Springs, CO"
JavaScript Developer (m/w/x) Portal-Entwicklung,meinestadt.de GmbH,"Köln, Germany"
アプリケーション開発エンジニア,株式会社ゴーリスト,"Chiyoda City, Japan"
DevOpsエンジニア(開発運用スタッフ)/若手層~シニア層まで幅広く複数名募集,type転職エージェント,"Minato City, Japan"
Frontend Developer e-Commerce (f/m/d),LILLYDOO GmbH,"Frankfurt am Main, Germany"
UI Front End Developer,Netedge Technology,"Ahmedabad, India"
Webエンジニア,株式会社エヌ・ティー・エス,"Toshima City, Japan"
【アプリケーションエンジニア】東証マザーズ上場IT企業の増員による求人情報,株式会社ユーザベース,"Minato City, Japan"
Webアプリケーションエンジニア,株式会社ネクストビート,"Shibuya City, Japan"
フロントエンドエンジニア,CROOZ EC Partners株式会社,"Shinagawa City, Japan"
サーバーサイドエンジニア,CROOZ EC Partners株式会社,"Shinagawa City, Japan"
バックエンドエンジニア,スタートバーン株式会社,"Bunkyo City, Japan"
Railsエンジニア/インターネット/Webサービス・ASP,株式会社 クリプラ,"Shinjuku City, Japan"
Hiring Engineers for developing electronic medical recording system for vet,Pyxos Inc(ピクオス株式会社),"Minato City, Japan"
SE 正社員 WEB面接OK 東京駅丸の内 フロントエンドエンジニア(Ruby on Rails Vue.js),株式会社ビーネックスソリューションズ,"Tokyo, Japan"
スマートフォンアプリエンジニア[iOS/Android](常駐),株式会社メンバーズ 常駐型デジタルプロフェッショナルサービス,"Shinagawa City, Japan"
Web開発エンジニア,KIYOラーニング株式会社,"Chiyoda City, Japan"
エンジニアリングマネージャー,SBヒューマンキャピタル株式会社,"Minato City, Japan"
【フルスタックエンジニア(大規模Webサービス)】株式会社ビットエー<五反田駅徒歩5分×残業少>,株式会社ヴィジョナリー,"Shinagawa City, Japan"
FinTech Developer,OliBank,No office location
WEB-DEVELOPER/IN,dataformers GmbH,"Linz, Österreich"
(Senior) Frontend Entwickler (m/w/d),COSNOVA GMBHviaHays plc,"Frankfurt am Main, Deutschland"
.NET Developer,Typeqast,"Zagreb, Croatia"
フロントエンドエンジニア/テックリード(東京勤務),株式会社クラッソーネ,"Chiyoda City, Japan"
バックエンドエンジニア,GROOVEX株式会社,"中央区, Japan"
Webエンジニア,株式会社 グランネット,"Osaka, Japan"
Full stack developer,Massive Entertainment - A Ubisoft Studio,"Malmö, Sweden"
(Senior) Software Engineer Backend/ Branche Banking,msg systems ag,"München, Deutschland"
Java開発エンジニア(メンバー/リーダー),株式会社デジタルフォルン,"Chiyoda City, Japan"
Tech Lead in a Danish Web app Department,Peytz & Co A/S,"Copenhagen, Denmark"
JavaScript (React / Vue.js) Dev to build beautiful entertainment applications,Eve.io,"München, Germany"
Senior Front-end Developer,AdsWizz,"Bucharest, Romania"
Senior PHP Developer (m/f/d),GPORTAL,"München, Deutschland"
Full Stack Software Developer - IoT (w/m/d) 80-100%,Husqvarna Schweiz AG,"Zürich, Schweiz"
浜松町 総合予約サイト 機能拡張・運用等 PL,株式会社ビーネックスソリューションズ,"Minato City, Japan"
業務アプリエンジニア(C#/JavaScript/SQL),SBヒューマンキャピタル株式会社,"Minato City, Japan"
Developer / Programmer,Web Service Delhi,"New Delhi, India"
エンジニア,株式会社セレス,"Setagaya City, Japan"
webエンジニア,アクシスモーション株式会社,"Chiyoda City, Japan"
BtoC向けWebサービス開発(Vue・React),株式会社アイソル,"Tokyo, Japan"
PHP Developer (Laravel),Rediflex Consultiing Private Ltd,"Noida, India"
【キャリア】ヤバいフロントエンドエンジニア,株式会社ISAO,"Taito City, Japan"
Full Stack Developer,Codelogicx Technologies Pvt Ltd,"Kolkata, India"
"Fresher – Software Developer (PHP/MySQL, eCommerce, WordPress)",Triple One Group,"Noida, India"
Senior Web Developer,Izzardtech Solutions Pvt. Ltd.,"Surat, India"
Front End Web Developer,Izzardtech Solutions Pvt. Ltd.,"Surat, India"
Solutions Architect,One Connect,Singapore
Full Stack Nuxt JS Developer,Nacelle,No office location
Full-Stack Developer - Core Engineering Team (f/m/d),Receeve GmbH,"Hamburg, Germany"
Backend Engineer – Core Engineering Team (f/m/d/),Receeve GmbH,"Hamburg, Germany"
Senior Ruby on Rails Developers (m/f/d),DataGuard,"München, Germany"
Senior Fullstack Developer (f/m/d),Greentube Internet Entertainment Solutions GmbH,"Wien, Austria"
最先端SaaSプロダクトのシステム保守運用エンジニア,ランスタッド株式会社,"Fukuoka, Japan"
Vue.js Developer,Green Web Media,"Noida, India"
Full Stack Developer (with front-end inclinations),Discovery Inc.,"Sterling, VA"
Vue.js Developer,Green Byte Web,"Noida, India"
Urgent opening for Laravel Developer,Appinfini Technologies Private Limited,"Noida, India"
Urgent Openings for Java Developer,IMNZU Technologies,"Hyderabad, India"
Webエンジニア,株式会社ダトラ,"大阪市, Japan"
Php Developers,Trinitymascot Consultancy Services,"Kochi, India"
Full-Stack Software Engineer,FactSet,"Austin, TX"
Staff Web Developer,SimpliSafe,"Boston, MA"
Lawinensprengen am Smartphone (DevOps Engineer),Wyssen Seilbahnen AG,"Reichenbach im Kandertal, Schweiz"
Werkstudent Aviation (m/w/d),ISO-Gruppe,"Nürnberg, Deutschland"
Lead Frontend Engineer,Web Summit,"Dublin, Ireland"
Full Stack Entwickler - Front-End und funktionale Programmierung (m/w/d),AKRA GmbH,"Hamburg, Germany"
Senior Frontend Engineer (m/w/d),grandcentrix GmbH,"Köln, Deutschland"
Agiler Java Fullstack Entwickler (m/w/d) – Weinheim nähe Frankfurt,objective partner AG,"Weinheim, Deutschland"
Full Stack -  more than 3-year Experience,Mazars,"Courbevoie, France"
システム・コンサルタント,株式会社エム・エー・ディー,"Chuo City, Japan"
プロダクトエンジニア,株式会社インター・ビュー,"Taito City, Japan"
リードエンジニア(フロントエンド),株式会社node,"Minato City, Japan"
フロントエンドエンジニア【Vue.js経験者歓迎】,株式会社ジオロジック,"Shibuya City, Japan"
PHP Developer (Night shift),reknown organization,"Ahmedabad, India"
PHP Laravel Developer,Techvoot Solutions,"Ahmedabad, India"
Full Stack Developer,Inception Labs,"Chennai, India"
Full Stack Developer,Amity Infosoft Pvt. Ltd.,"Surat, India"
Sr. PHP Developer,Technotech India,"Surat, India"
Senior Front-end Developer,Discovery Inc.,"Sterling, VA"
Full Stack Developer,ABOUT YOU GmbH,"Hamburg, Deutschland"
Senior Product Software Engineer,Wolters Kluwer,"Tampa, FL"
Full stack Rails developer (n): Superhero poised to change the world,Simplero,"New York, NY"
PHP Developer,CM.com,"Breda, Netherlands"
"Frontend Developer (w/m/x), 80-100%",dreipol,"Zürich, Schweiz"
Webアプリケーションエンジニア,エムスリーキャリア株式会社,"Minato City, Japan"
Webエンジニア,シアトルコンサルティング株式会社,"Minato City, Japan"
フロントエンドエンジニア,シアトルコンサルティング株式会社,"Minato City, Japan"
システムエンジニア,株式会社スマートバリュー,"Chuo City, Japan"
Frontend Web-Developer (m/w/d),rooom AG,"Jena, Deutschland"
プログラマ,株式会社シンクラフト,"Shibuya City, Japan"
Modern .Net Core Senior Engineer,dunnhumby Ltd.,"London, UK"
Senior Frontend Developer (w/m/d),brandung GmbH & Co. KG,"Berlin, Deutschland"
グローバル空調IoTプラットフォーム開発,ダイキン工業株式会社 本社江坂ビル,"Suita, Japan"
システムエンジニア,株式会社1UP,"Kobe, Japan"
Senior UI/UX Engineer,FactSet,"Frankfurt, Germany"
"Frontend Developer interested in React, Vue or Svelte",5 Monkeys Agency AB,"Stockholm, Sweden"
"Frontend Developer interested in React, Vue or Svelte",5 Monkeys Agency AB,"Göteborg, Sweden"
Senior Full Stack Developer,Insider,"Kâğıthane, Turkey"
Full Stack Engineer,SpotMe,No office location
開発エンジニア,SORABITO株式会社,"Chuo City, Japan"
フロントエンドエンジニア,クーコム株式会社,"Shibuya City, Japan"
システムエンジニア,株式会社テクトレージ,"Yokohama, Japan"
SE(ビジネスアプリケーション系),パーソル パナソニック HRパートナーズ株式会社 テクニカル事業本部,"Osaka, Japan"
iOSアプリエンジニア(SwiftUI・Swift-GraphQLでアプリ開発ができるようになりたい人募集!),株式会社メイツ,"Shinjuku City, Japan"
Integration Developer - .Net,Orchard Marketing,"Pyrmont, Australia"
新卒採用 エンジニア,株式会社セレス,"Setagaya City, Japan"
サーバーサイドエンジニア,株式会社チェンジ,"Minato City, Japan"
フロントエンドエンジニア/アシスタントマネージャー,株式会社ラクス,"Shibuya City, Japan"
フロントエンドエンジニア,株式会社ラクス,"Shibuya City, Japan"
動画配信システムの開発(React/Node.js),株式会社キャリアデザインITパートナーズ,"Shibuya City, Japan"
サービスを成長させるためのフルスタックエンジニア募集,DOC株式会社,"千代田区, Japan"
Frontend Engineer,"GridUnity, Inc","Boston, MA"
Full Stack Engineer,"GridUnity, Inc","Boston, MA"
フロントエンドエンジニア(AngularJS 、React、Vue.js),MF KESSAI株式会社,"Chiyoda City, Japan"
Frontend Developer,Weblink Solutions,"Hyderabad, India"
Java/Front End Developer,Institutional Shareholder Services Inc,"Mumbai, India"
Full Stack Developer - Java Script,Richpanel,"Mumbai, India"
Lead Engineer - UI,Gainsight,"Hyderabad, India"
Engineering Manager - eCommerce Platform,"Yum! Brands, Inc.","Chicago, IL"
Lead Software Engineer - Join our growing team of 30+ developers,Tails.com,"Richmond, UK"
(Senior) Fullstack Software Engineer (f/m) 80-100%,Tamedia,"Zürich, Switzerland"
Sr Front End Developer (Angular / React),HaysviaHays plc,"Orlando, FL"
Senior Full Stack Developer,Dyson,"Bristol, UK"
"時給3,300円 C#/即日/ウェアラブル医療機器の開発",株式会社エーティーエス,"Tachikawa, Japan"
Fullstack Developer,best it GmbH & Co. KG,"Siegburg, Deutschland"
Fullstack Developer,best it GmbH & Co. KG,"Siegburg, Deutschland"
Laravel Developer,Webgen Technologies Pvt Ltd.,"Kolkata, India"
Frontend Developer,Global Scale Solutions GmbH,"München, Germany"
Senior Front End Developer,Orchard Marketing,"Pyrmont, Australia"
Hackers wanted-Looking for a Senior Developer (m/f/d) with Team Lead Experience!,freiheit.com technologies gmbh,"Lissabon, Portugal"
Senior Front End UI Developer,"OpsRamp, Inc.","Hyderabad, India"
"システム開発(Web・オープン系,汎用系)",パーソル パナソニック HRパートナーズ株式会社,"Osaka, Japan"
SE,株式会社ビジュアルリサーチ,"Yokohama, Japan"
システムエンジニア,株式会社ロンバード,"Shinagawa City, Japan"
フロントエンドエンジニア,ユニオンテック株式会社,"Shinjuku City, Japan"
Java開発エンジニアリード,パーソルキャリア株式会社,"Tokyo, Japan"
Senior PHP Developer,Software Cubes,"Chennai, India"
Full Stack Developer (Data Focus),"Sands Capital Management, LLC","Arlington, VA"
PHP Developer (JavaScript/HTML/and CSS),HaysviaHays plc,"Raleigh, NC"
Senior backend PHP developer,Debunk.eu,"Vilnius, Lithuania"
Sr Full Stack Systems Architect (Angular/Vue.js/React),HaysviaHays plc,"Raleigh, NC"
Sr. Frontend Developer,Pivot Design,"Chicago, IL"
Full Stack Developer,DataRemote Inc,"Palmetto Bay, FL"
Solution Architect,Citizens Bank,"Providence, RI"
Hackers wanted - Software Engineers (m/f/d) & Machine Learning Experts (m/f/d),freiheit.com technologies gmbh,"Lissabon, Portugal"
Hackers wanted - Software Engineers (m/f/d) & Machine Learning Experts (m/f/d),freiheit.com technologies gmbh,"Hamburg, Deutschland"
Hackers wanted-Looking for a Senior Developer (m/f/d) with Team Lead Experience!,freiheit.com technologies gmbh,"Hamburg, Deutschland"
WEB DEVELOPER BERLIN - Full Stack Front/Back End - Vue.js Laravel (m/f/d),CHEQSITE GmbH,"Berlin, Deutschland"
PHP Software Engineer - Book & Stay,trivago N.V.,"Düsseldorf, Germany"
Senior Software Developer,DCSL Software Ltd,"London, UK"
Senior Frontend Developer (m/w/d),Neofonie,"Berlin, Deutschland"
Front End Gosu,reppa.net GmbH,"München, Deutschland"
"Software Engineer, Full Stack (Business Intelligence Product)",Centre for Strategic Infocomm Technologies (CSIT),Singapore
Software Engineer (Cybersecurity Operations Systems),Centre for Strategic Infocomm Technologies (CSIT),Singapore
"Lead Polyglot Software Engineers – TDD, XP, JavaScript",Pragmateam,"Sydney, Australia"
Senior Software Engineer (Command and Control Systems),Centre for Strategic Infocomm Technologies (CSIT),Singapore
Frontend Developer (Information Processing & Analytics),Centre for Strategic Infocomm Technologies (CSIT),Singapore
Back End Engineer (NodeJS),Modus Create,No office location
Back End Engineer (PHP/ Symfony/ AWS),Modus Create,No office location
Webアプリケーションエンジニア(検索広告事業),Supershipグループ,"Minato City, Japan"
"時給3,200円 私服OK 交通費/サーバーサイドエンジニア",株式会社エーティーエス,"Chuo City, Japan"
webエンジニア,合同会社DMM.com,"Minato City, Japan"
飲食店の未来をテクノロジーで創造|モバイルオーダーサービス開発のテックリード,株式会社Showcase Gig,"Minato City, Japan"
Laravelを使ったサーバーレス開発を推進するバックエンドエンジニア,カレント自動車株式会社,"Shibuya City, Japan"
PHP Developer,GRCO Tech,"Pune, India"
MEAN Stack Developer,Knick Global,"Sahibzada Ajit Singh Nagar, India"
Web Developer,Raja Software Labs,"Pune, India"
Webエンジニア(機械学習),株式会社ロンバード,"Shinagawa City, Japan"
Software Engineer,Affinitiv,"Clearwater, FL"
Full Stack Engineer,Nirveda Cognition,"Glendale, CA"
Mid-Senior Full Stack Developer - Django/VUE.js - 100% remote + flexible hours,ROI Developers,No office location
Software Engineer/ Architect,Daugherty Business Solutions,"Creve Coeur, MO"
Full-Stack Developer - Marketing Solutions,trivago N.V.,"Düsseldorf, Germany"
Senior Frontend Developer,Jumbo Supermarkets,"Veghel, Netherlands"
"Dev web fullstack C# (Asp.net, Typescript), pour sauver des vies !",Deeplink Medical,"Lyon, France"
Engineering Manager - Cloud Infrastructure,Back Market,"Paris, France"
Senior Front-End Engineer,Back Market,"Paris, France"
Senior Software Engineer (Python),Back Market,"Paris, France"
Senior Frontend Softwareentwickler Automotive (m/w/d),msg DAVID GmbH,"Braunschweig, Deutschland"
Full Stack Web Developer (m/w/d),EyeC GmbH,"Hamburg, Deutschland"
(Senior) Javascript Entwickler (m/w/d) mit vue.js Know How,Netfonds AG,"Hamburg, Deutschland"
Senior Web Developer,Openweb Solutions,"Kolkata, India"
Webエンジニア,株式会社メンバーズ メンバーズエッジカンパニー,"Yokohama, Japan"
"サーバーサイドエンジニア[東京](Software Engineer, Backend)",株式会社Holmes,"Chiyoda City, Japan"
Senior Web Developer - PHP Laravel,Cybase Technologies,"Kochi, India"
エンジニアリングマネージャ[東京](Engineering Manager),株式会社Holmes,"Chiyoda City, Japan"
エンジニア/中途 フロント基盤の全面刷新を行うJavaScriptエンジニア,オイシックス・ラ・大地株式会社,"Shinagawa City, Japan"
FULL STACK PHP DEVELOPER,SQL Computech,"Ahmedabad, India"
AEM Architect,Big Zeta,"Portland, OR"
Frontend Developer,Digital Media Solutions,"Miami, FL"
Frontend Developer,Digital Media Solutions,"San Diego, CA"
Solution Architect H/F,ENGIE Digital,"Paris, France"
Frontend Web Developer (m/w/d),EyeC GmbH,"Hamburg, Deutschland"
.Net Full Stack developer (m/w/d),EyeC GmbH,"Hamburg, Deutschland"
"Développeuse / Développeur Full Stack (Java, Angular) - Paris",Zenika,"Paris, France"
"Webentwickler (m/w/d) JavaScript, React und/oder Vue.js",auteon GmbH,"Berlin, Deutschland"
"Webentwickler (m/w/d) JavaScript, React und/oder Vue.js",auteon GmbH,"München, Deutschland"
PHP Developer (w/*/m),queo GmbH,"Dresden, Deutschland"
Senior Python Software Engineer - Join our growing team of 30+ developers,Tails.com,"Richmond, UK"
Senior Front-end Developer,VinIDviaTopDev,"Hai Bà Trưng, Vietnam"
Full-Stack Developer (Elixir/ Ruby),Mindvalley,No office location
PHP Developer,Debut Infotech,"Sahibzada Ajit Singh Nagar, India"
PHP Developer,Ecotech IT Solutions Pvt. Ltd.,"Pune, India"
WordPress Developer,Templatic,"Surat, India"
Senior Frontend Engineer (f/m/d),keylight GmbH,"Berlin, Germany"
即日スタート/10時始業/交通費 システム・ECサイト開発,株式会社エーティーエス,"Osaka, Japan"
Frontend Web Developer (m/f/x),refurbed,"Wien, Österreich"
Front-End Ruby Developer,Supply Clinic,"Chicago, IL"
Full-Stack Ruby on Rails Developer,Supply Clinic,"Chicago, IL"
Ingénieur(e) Infra / DevOps / SRE (H/F),Deeplink Medical,"Lyon, France"
Lead Developer Ruby on Rails (m/f/div),PAIR Finance GmbH,"Berlin, Deutschland"
PHP Developer,UniPartners IT-Services NV,"Vilvoorde, Belgium"
.NET Developer,UniPartners IT-Services NV,"Vilvoorde, Belgium"
Frontend Engineer (m/f/d),GEDANKENtanken GmbH,"Köln, Deutschland"
Full Stack Software Developer - Java (all genders) Full-/Part-time,Accenture DACH,"Zürich, Switzerland"
Front-End Web Developer (all genders) Full-/Part-time,Accenture DACH,"Frankfurt, Germany"
Front-end Developer (Core Product),HostingerviaWork in Lithuania,"Kaunas, Lithuania"
サーバーサイド エンジニア (ブロックチェーン事業),株式会社テコテック,"Minato City, Japan"
オープンポジション,type転職エージェント,"Shinjuku City, Japan"
PHP Laravel Backend Developer 2-4yr for Fantasy Sport Games,MyExpert11 (Sportena Fantasy Pvt Ltd),"Noida, India"
Node JS Developer,Hyse Software Solutions,"Hyderabad, India"
"Staff Requirement for Web Developer, Designer, Content Writer & SEO",RRahi Associates,"Surat, India"
Full stack developer,Relianttech,"Chennai, India"
Senior Front-end Engineer,XMind Ltd.,"Shenzhen Shi, China"
サーバーサイドエンジニア(Java),株式会社アイスタイル,"Minato City, Japan"
Junior Software Engineer in Tokyo,HTM Corporation,"Minato, Japan"
Experienced Software Engineer in Tokyo,HTM Corporation,"Minato, Japan"
Backend- oder Full-Stack-Entwickler PHP  (w/m/d) in Dortmund,kolossal GmbH,"Dortmund, Deutschland"
Experienced Frontend Developer with strong CSS skills (m/f),Typeqast,"Zagreb, Croatia"
Leader de la Performance des Ventes du Pays H/F,IKEA,"Plaisir, France"
Fullstack Developer für führendes E-Commerce Unternehmen,Sportspar GmbH,"Leipzig, Deutschland"
フロントエンドエンジニア,HENNGE K.K.,"Tokyo, Japan"
Front-End Software Engineer,HENNGE K.K.,"Tokyo, Japan"
ITスペシャリスト (メンバー/リーダー候補),株式会社Works Human Intelligence,"Nagoya, Japan"
セキュリティエンジニア (メンバー),株式会社Works Human Intelligence,"Minato City, Japan"
SRE(Site Reliability Engineer)エンジニア (メンバー),株式会社Works Human Intelligence,"Minato City, Japan"
【週休3日!・横浜・やる気、センス重視・2021新卒】Webエンジニア,株式会社ベイストリーム,"Yokohama, Japan"
社内ツール開発エンジニア (メンバー),株式会社Works Human Intelligence,"Minato City, Japan"
Full Stack Developer,DataSprouts,"Hyderabad, India"
Web Development Frontend Engineer,WOVN.io,"Minato City, Japan"
Web Development Backend Engineer,WOVN.io,"Minato City, Japan"
エンジニア(フロントエンド),株式会社レシカ,"Chiyoda City, Japan"
218 「 次世代プラットフォーム開発プロジェクト フロントエ...,合同会社DMMGAMES,"Minato City, Japan"
フロントエンドエンジニア,株式会社うるる,"Chuo City, Japan"
コーポレートエンジニア,株式会社うるる,"Chuo City, Japan"
研究開発(R&D)エンジニア,アイレット株式会社,"Minato City, Japan"
フロントエンド・リードエンジニア,株式会社うるる,"Chuo City, Japan"
Webプログラマ,リビン・テクノロジーズ株式会社,"Chuo City, Japan"
Webアプリエンジニア募集,株式会社セルシス,"Shinjuku City, Japan"
Full Stack Javascript Developer,Formstack,"Fishers, IN"
Front End Engineer,SightPlan,"Orlando, FL"
Software Engineer,IPD Analytics,"Miami, FL"
Senior Software Engineer,Keelvar,"Cork, Ireland"
Principal Software Engineer,Citizens Bank,"Westwood, MA"
Full Stack Developer,Nurole Ltd,"London, UK"
SENIOR SOFTWARE DEVELOPER – C#.NET,FELFEL,"Zürich, Switzerland"
Principal Network Engineer,Citizens Bank,"Providence, RI"
Cloud Network Architect,Citizens Bank,"Providence, RI"
SENIOR FULL STACK ENGINEER (.NET),FELFEL,"Zürich, Switzerland"
Sr Front End Developer (Angular / React),HaysviaHays plc,"Orlando, FL"
Junior Frontend Developer (m/w/d),7P.konzepte GmbH,"Dortmund, Deutschland"
Softwareentwickler (m/w/d),AM GmbH,"Hamburg, Deutschland"
Full Stack Software Engineer,Mimacom,"Madrid, Spain"
Senior Frontend-Entwickler (m/w/d),Ippen Digital GmbH & Co. KG,"München, Deutschland"
4 Full Stack Software Engineers (m/f),AIRBUS,"Toulouse, France"
Laravel Developer,trileotech,"Ahmedabad, India"
Senior Full Stack PHP Developer,BEO software,"Kochi, India"
Senior Software Engineer (Ruby on Rails),PeerstreetviaStott and May Inc.,"El Segundo, CA"
Flutter Working Student (m/f/d),BlueGo UG,"München, Deutschland"
Full Stack Developer,PrizeLogic,"Scottsdale, AZ"
Front-End Developer,"Bluebeam, Inc.","Pasadena, CA"
Frontend Engineer,Nuxeo,"Lisbon, Portugal"
Sr. Software Engineer,VisuWell,"Chattanooga, TN"
"Senior Software Engineer- JavaScript, Angular, Vue.js",FactSet,"London, UK"
Senior Back-end Engineer,"Autify, Inc.","Tokyo, Japan"
Senior Node.js Developer (Remote),X-Team,No office location
Senior Python Developer (Remote),X-Team,No office location
Senior Go Developer (Remote),X-Team,No office location
Senior Angular Developer (Remote),X-Team,No office location
Software Developer (Remote or Onsite),Aptera Software,"Fort Wayne, IN"
Senior Fullstack Developer (m/f/d) - Stage Curation,SPRING | Axel Springer,"Berlin, Deutschland"
Front End Developer (React Native),Plus65 Interactive Pte Ltd,"Kuala Selangor, Malaysia"
Webアプリケーション開発フロントエンドエンジニア,株式会社Widsley,"Shibuya City, Japan"
Javascript and Node js,FactSet,"Hyderabad, India"
AWSエンジニア,株式会社キュービック,"Shinjuku City, Japan"
WEB系プログラマ(JAVA、PHP:新大阪、未経験OK,スキルシステムズ　株式会社,"Osaka, Japan"
Front-End Web Developer,Maxwell GeoSystems,"Kochi, India"
Frontend Developer - React JS/ NodeJS,Aptus Health,"Navi Mumbai, India"
Sr. Full-Stack Engineer / Developer / Tech Lead / Team Lead,Armentum,"Bengaluru, India"
Junior Software Engineer for Micro Frontends,smapiot,"München, Germany"
Software Engineer for Next Gen. Distributed Web Apps,smapiot,"München, Germany"
(Senior) Python Engineer / Architect (m/f/x) for Logistics #StaySafe,"AVANTGARDE - ""Creating Fans""","Berlin, Deutschland"
Software Engineer Manager,Sharp Notions LLC,"Fairport, NY"
Front End Web Developer,Xactware,"Lehi, UT"
Full-Stack Developer,CoStar Group,"Richmond, VA"
Techlead / Senior Frontend Developer (m/f/x) Vue.js  #StaySafe,"AVANTGARDE - ""Creating Fans""","Berlin, Deutschland"
Softwareentwickler (m/w/d) Frontend TypeScript,Hetzner Cloud GmbH,"Unterföhring, Deutschland"
Mid- / Senior PHP Web Developer,Energy Gruppe Schweiz,"Zürich, Switzerland"
.Net Software Developer,eDerm Systems,"Boca Raton, FL"
Fullstack Developer,best it GmbH & Co. KG,"Velen, Deutschland"
Fullstack Developer,best it GmbH & Co. KG,"Berlin, Deutschland"
Solution Architect (f/m/diverse),Eurowings Digital GmbH,"Köln, Deutschland"
iOS Engineer,Durstexpress GmbH,"Berlin, Germany"
Infrastructure Engineer (m/f/o),Agrando,"München, Germany"
Senior Web Developer,Omicron,"Orlando, FL"
Full Stack Developer / Softwareentwickler (m/w/d) für Daten Management,AbbVie Deutschland GmbH & Co. KG,"Ludwigshafen am Rhein, Deutschland"
サーバーサイドエンジニア / 会計システム開発 / コーポレート,LINE株式会社,"Shinjuku City, Japan"
Railsエンジニア,株式会社クリプラ,"Shinjuku City, Japan"
社内管理,株式会社ビーネックスソリューションズ,"Minato City, Japan"
Full stack developer,Indee Technologies,"Bengaluru, India"
サーバサイドエンジニア(リードエンジニア),株式会社アドウェイズ,"Shinjuku City, Japan"
Front End Developer,DIATOZ SOLUTIONS PVT LTD,"Bengaluru, India"
Php developer,Snr Square Private Limited,"Bengaluru, India"
Android Developer,Sinelogix technologies,"Bengaluru, India"
Senior Full Stack Engineer (Remote OR NYC),Noom,"New York, NY"
Frontend Software Engineer (WebGL 3D WebApp) - 360 Documentation in Construction,bitstars GmbH - a HoloBuilder company,"Aachen, Germany"
Frontend Developer: AI marketing video platform,OpsTalent,"Wrocław, Poland"
Full Stack Ruby on Rails Engineer (f/m/d),On Running,"Berlin, Germany"
Senior Go Backend Developer (m/f/x),refurbed,"Wien, Österreich"
MVC PHP Developer,Crest Infosystems,"Surat, India"
EOI - Software Engineer and/or Developer,carsales.com Ltd,"Cremorne, Australia"
Webエンジニア/インターネット/Webサービス・ASP,株式会社 アトラエ,"Minato City, Japan"
サーバーサイドエンジニア,type転職エージェント,"Chiyoda City, Japan"
Laravel - VueJS - Senior PHP Developer,Ayuca LTD,"Kolkata, India"
Web Developer Urgent,Twiplo Web Services,"Kolkata, India"
MEAN Stack Developer,Intlum Technology Pvt Ltd,"Kolkata, India"
WordPress Plugin Developer,Western Deal Web Solution Private Limited,"Surat, India"
Analytics Engineer: Javascript - Full Stack,InfoTrust LLC,No office location
Développeur Front-End Angular,AIM Services SA,"Geneva, Switzerland"
Full-Stack Web Developer Java,WPS Management GmbH,"Paderborn, Germany"
Senior Java Web Developer,Cloudflight GmbH,"Wien, Austria"
ITエンジニア,AsianStream株式会社,"Minato City, Japan"
新規プロダクトの開発エンジニア,type転職エージェント,"Shinjuku City, Japan"
フロントエンドエンジニア,TOWN株式会社,"Chuo City, Japan"
Solution Architect,DCSL Software Ltd,"London, UK"
Frontend Developer (m/w/d),Tchibo GmbH,"Hamburg, Deutschland"
Développeuse / Développeur Full Stack (JavaScript) - Paris,Zenika,"Paris, France"
Lead Vue.js / PHP developer,HUBX,No office location
"Web Developer (Laravel, VueJS)",WESLINK GmbH,"Coesfeld, Deutschland"
Webアプリケーション開発フルスタックエンジニア,株式会社Widsley,"Shibuya City, Japan"
JS Developer - Investment App (m/f/x),Exporo AG,"Hamburg, Deutschland"
【バイト】実務未経験OK!自社開発アプリを支えるサーバーサイドエンジニア,株式会社メイツ,"Shinjuku City, Japan"
"Software Engineer, Frontend",株式会社メルカリ,"Minato City, Japan"
業務推進　WEBデザイナー,株式会社 FAN・DREAM,"Meguro City, Japan"
Sr. Laravel Developer,Capital Numbers Infotech,"Kolkata, India"
Full Stack Web Developer,"Art & Logic, Inc.",No office location
ソフトウェア/インフラエンジニア,株式会社フロムスクラッチ,"Shinjuku City, Japan"
コンテンツプラットフォームエンジニア,株式会社Gunosy,"Minato City, Japan"
(RetailTechプロダクト),type転職エージェント,"Minato City, Japan"
Software Engineer (Cyber Security),Surevine,"London, UK"
Javascript Developer - Angular or Node.js,Arcanys,"Ho Chi Minh City, Vietnam"
Javascript Developer - Angular or Node.js,Arcanys,"Cebu City, Philippines"
Frontend Developer (m/f/d),WPS Management GmbH,"Paderborn, Germany"
Frontend Developer (m/w/d) in Halle (Saale),Relaxdays GmbH,"Halle (Saale), Deutschland"
サーバサイドエンジニア,ソウルドアウト株式会社,"Chiyoda City, Japan"
Full Stack PHP Developer,DesktopRemoto S.r.l.,"Lomazzo, Italy"
Senior Software Engineer,Pedigree Technologies,"Fargo, ND"
Senior Fullstack-Entwickler (w/m/d) am Standort Berlin,Hochfrequenz Unternehmensberatung GmbH,"Berlin, Deutschland"
"가상자산(암호화폐) 거래소 고팍스(GOPAX) (신입, 경력) 프론트엔드 엔지니어 모집",Streami Inc.,"Seoul, South Korea"
フロントエンドエンジニア,株式会社LOB,"Minato City, Japan"
開発エンジニア,株式会社Jストリーム,"Fukuoka, Japan"
UI/UXデザイナー,株式会社Widsley,"Shibuya City, Japan"
株式会社VOYAGE GROUP PORTO tv事業本部 アプリケーションエンジニア,株式会社VOYAGE GROUP,"Shibuya City, Japan"
ソフトウェアエンジニア,株式会社クイック,"Minato City, Japan"
エンジニアリングマネージャー,株式会社クイック,"Minato City, Japan"
(Go/PHP)公営競技サービスサーバーサイド開発案件,レバテック株式会社,"Minato City, Japan"
エンジニアリングマネージャー,株式会社うるる,"Chuo City, Japan"
その他コンピュータ関連職,株式会社FAN・DREAM,"Meguro City, Japan"
65万/Python/Java/某でんきアプリ開発,株式会社ビズリンク,"Shinjuku City, Japan"
